INSERT INTO "BD11"."CIUDAD" (ID, NOMBRE) VALUES ('1', 'Transnópoli')
INSERT INTO "BD11"."CIUDAD" (ID, NOMBRE) VALUES ('2', 'Cali')
INSERT INTO "BD11"."CIUDAD" (ID, NOMBRE) VALUES ('3', 'Los Ángeles')
INSERT INTO "BD11"."CIUDAD" (ID, NOMBRE) VALUES ('4', 'Medellín')
INSERT INTO "BD11"."CIUDAD" (ID, NOMBRE) VALUES ('5', 'Bahía Solano')
INSERT INTO "BD11"."CIUDAD" (ID, NOMBRE) VALUES ('6', 'Cartago')
INSERT INTO "BD11"."CIUDAD" (ID, NOMBRE) VALUES ('7', 'Berlin')
INSERT INTO "BD11"."CIUDAD" (ID, NOMBRE) VALUES ('8', 'Cúcuta')
INSERT INTO "BD11"."CIUDAD" (ID, NOMBRE) VALUES ('9', 'Varsovia')
INSERT INTO "BD11"."CIUDAD" (ID, NOMBRE) VALUES ('10', 'Pereira')
INSERT INTO "BD11"."CIUDAD" (ID, NOMBRE) VALUES ('11', 'Manaure')

# -----------------------------------------------------------------

INSERT INTO PERSONA (ID, NOMBRE, APELLIDO, DIRECCION, PADRE_1, PADRE_2, CIUDADRESIDENCIA, CIUDADNACIMIENTO) VALUES (1,'Daniela','Herrera','Carrera 2',NULL,NULL,1,1);
INSERT INTO PERSONA (ID, NOMBRE, APELLIDO, DIRECCION, PADRE_1, PADRE_2, CIUDADRESIDENCIA, CIUDADNACIMIENTO) VALUES (2,'Diminson','Grisales','Calle 3 #4',NULL,NULL,1,1);
INSERT INTO PERSONA (ID, NOMBRE, APELLIDO, DIRECCION, PADRE_1, PADRE_2, CIUDADRESIDENCIA, CIUDADNACIMIENTO) VALUES (3,'Dixner','Lucumi','Carrera 5 #21',NULL,NULL,1,1);
INSERT INTO PERSONA (ID, NOMBRE, APELLIDO, DIRECCION, PADRE_1, PADRE_2, CIUDADRESIDENCIA, CIUDADNACIMIENTO) VALUES (4,'Armero','Mina','Calle 4',NULL,NULL,1,1);
INSERT INTO PERSONA (ID, NOMBRE, APELLIDO, DIRECCION, PADRE_1, PADRE_2, CIUDADRESIDENCIA, CIUDADNACIMIENTO) VALUES (5,'Maria','Angulo','Calle 3 # 5',NULL,NULL,1,1);
INSERT INTO PERSONA (ID, NOMBRE, APELLIDO, DIRECCION, PADRE_1, PADRE_2, CIUDADRESIDENCIA, CIUDADNACIMIENTO) VALUES (6,'Efrain','Renteria','Carrera 8 ',NULL,NULL,1,1);
INSERT INTO PERSONA (ID, NOMBRE, APELLIDO, DIRECCION, PADRE_1, PADRE_2, CIUDADRESIDENCIA, CIUDADNACIMIENTO) VALUES (7,'Rosalba','Zapata','Diagonal al puerto',NULL,NULL,1,1);
INSERT INTO PERSONA (ID, NOMBRE, APELLIDO, DIRECCION, PADRE_1, PADRE_2, CIUDADRESIDENCIA, CIUDADNACIMIENTO) VALUES (8,'Francia','Padilla','Carrera 5 #12',NULL,NULL,1,1);
INSERT INTO PERSONA (ID, NOMBRE, APELLIDO, DIRECCION, PADRE_1, PADRE_2, CIUDADRESIDENCIA, CIUDADNACIMIENTO) VALUES (9,'Felipe','Lucumi Palacios','Carrera 5 #21',3,NULL,1,1);
INSERT INTO PERSONA (ID, NOMBRE, APELLIDO, DIRECCION, PADRE_1, PADRE_2, CIUDADRESIDENCIA, CIUDADNACIMIENTO) VALUES (10,'Esteban','Rosales Angulo ','Calle 100D #24-26',NULL,5,2,2);
INSERT INTO PERSONA (ID, NOMBRE, APELLIDO, DIRECCION, PADRE_1, PADRE_2, CIUDADRESIDENCIA, CIUDADNACIMIENTO) VALUES (11,'Jose','Renteria del mar','Transversal 100 #E4',6,NULL,3,1);
INSERT INTO PERSONA (ID, NOMBRE, APELLIDO, DIRECCION, PADRE_1, PADRE_2, CIUDADRESIDENCIA, CIUDADNACIMIENTO) VALUES (12,'Rocio','Estrada Zapata','PSherman calle Wallaby 42 ',NULL,7,3,4);
INSERT INTO PERSONA (ID, NOMBRE, APELLIDO, DIRECCION, PADRE_1, PADRE_2, CIUDADRESIDENCIA, CIUDADNACIMIENTO) VALUES (13,'Carlos','Grisales Herrera','Calle 3 #4',2,1,1,1);
INSERT INTO PERSONA (ID, NOMBRE, APELLIDO, DIRECCION, PADRE_1, PADRE_2, CIUDADRESIDENCIA, CIUDADNACIMIENTO) VALUES (14,'Camilo','Renteria del mar','Carrera 1',6,NULL,11,1);
INSERT INTO PERSONA (ID, NOMBRE, APELLIDO, DIRECCION, PADRE_1, PADRE_2, CIUDADRESIDENCIA, CIUDADNACIMIENTO) VALUES (15,'Andres','Mina Padilla','Calle 20 #34-50',4,8,8,1);
INSERT INTO PERSONA (ID, NOMBRE, APELLIDO, DIRECCION, PADRE_1, PADRE_2, CIUDADRESIDENCIA, CIUDADNACIMIENTO) VALUES (16,'Andrea','Renteria Zamora','Carrera 2',6,NULL,11,11);
INSERT INTO PERSONA (ID, NOMBRE, APELLIDO, DIRECCION, PADRE_1, PADRE_2, CIUDADRESIDENCIA, CIUDADNACIMIENTO) VALUES (17,'Carla','Mina Ledezma','Springstreet 200N',4,NULL,3,1);
INSERT INTO PERSONA (ID, NOMBRE, APELLIDO, DIRECCION, PADRE_1, PADRE_2, CIUDADRESIDENCIA, CIUDADNACIMIENTO) VALUES (18,'Manuela','Grisales Herrera','Carrera 5 #20-26',2,1,6,1);
INSERT INTO PERSONA (ID, NOMBRE, APELLIDO, DIRECCION, PADRE_1, PADRE_2, CIUDADRESIDENCIA, CIUDADNACIMIENTO) VALUES (19,'Salome','Lucumi Palacios','Calle 27, #14-28',3,NULL,8,8);
INSERT INTO PERSONA (ID, NOMBRE, APELLIDO, DIRECCION, PADRE_1, PADRE_2, CIUDADRESIDENCIA, CIUDADNACIMIENTO) VALUES (20,'Valentina','Rosales Angulo ','Calle 2, #1-20',NULL,5,5,5);
INSERT INTO PERSONA (ID, NOMBRE, APELLIDO, DIRECCION, PADRE_1, PADRE_2, CIUDADRESIDENCIA, CIUDADNACIMIENTO) VALUES (21,'Leandro','Estrada Zapata','Diagonal al puerto',NULL,7,1,1);
INSERT INTO PERSONA (ID, NOMBRE, APELLIDO, DIRECCION, PADRE_1, PADRE_2, CIUDADRESIDENCIA, CIUDADNACIMIENTO) VALUES (22,'Juan','Burges Padilla','Carrera 5 #12',NULL,8,1,9);
INSERT INTO PERSONA (ID, NOMBRE, APELLIDO, DIRECCION, PADRE_1, PADRE_2, CIUDADRESIDENCIA, CIUDADNACIMIENTO) VALUES (23,'Fabia','Castillo Zapata','Diagonal al puerto',NULL,7,1,1);
INSERT INTO PERSONA (ID, NOMBRE, APELLIDO, DIRECCION, PADRE_1, PADRE_2, CIUDADRESIDENCIA, CIUDADNACIMIENTO) VALUES (24,'Fabian','Mina Ledezma','Avenida 4N #52N',4,NULL,22);
INSERT INTO PERSONA (ID, NOMBRE, APELLIDO, DIRECCION, PADRE_1, PADRE_2, CIUDADRESIDENCIA, CIUDADNACIMIENTO) VALUES (25,'Jerson','Quintero Herrera','Carrea 2',NULL,1,1,5);INSERT INTO PERSONA (ID, NOMBRE, APELLIDO, DIRECCION, PADRE_1, PADRE_2, CIUDADRESIDENCIA, CIUDADNACIMIENTO) VALUES (26,'Roxana','Burges Padilla','Carrea 5 #12',NULL,8,1,9);
INSERT INTO PERSONA (ID, NOMBRE, APELLIDO, DIRECCION, PADRE_1, PADRE_2, CIUDADRESIDENCIA, CIUDADNACIMIENTO) VALUES (27,'Dora','Estrada Zapata','Frente al puerto',NULL,7,1,2);
INSERT INTO PERSONA (ID, NOMBRE, APELLIDO, DIRECCION, PADRE_1, PADRE_2, CIUDADRESIDENCIA, CIUDADNACIMIENTO) VALUES (28,'Rubi','Lucumi Padilla','Unterdenlinden 25A',3,8,7,1);
INSERT INTO PERSONA (ID, NOMBRE, APELLIDO, DIRECCION, PADRE_1, PADRE_2, CIUDADRESIDENCIA, CIUDADNACIMIENTO) VALUES (29,'Karl','Fischer Weber','Deutschland 15-10178',NULL,NULL,7,7);
INSERT INTO PERSONA (ID, NOMBRE, APELLIDO, DIRECCION, PADRE_1, PADRE_2, CIUDADRESIDENCIA, CIUDADNACIMIENTO) VALUES (30,'Emma','Smith Miller','Powiat 16',NULL,NULL,9,9);

# -------------------------------------------------------------------

INSERT INTO MATRIMONIO (ID, FECHA, TIPO, PERSONA_ID_1, PERSONA_ID_2) VALUES (1, '05/01/1501', 'Ancestral', 1, 2);
INSERT INTO MATRIMONIO (ID, FECHA, TIPO, PERSONA_ID_1, PERSONA_ID_2) VALUES (2, '01/10/1502', 'Ancestral', 4, 8);
INSERT INTO MATRIMONIO (ID, FECHA, TIPO, PERSONA_ID_1, PERSONA_ID_2) VALUES (3, '01/10/1505', 'Ancestral', 3, 5);
INSERT INTO MATRIMONIO (ID, FECHA, TIPO, PERSONA_ID_1, PERSONA_ID_2) VALUES (4, '09/11/1507', 'Ancestral', 6, 7);
INSERT INTO MATRIMONIO (ID, FECHA, TIPO, PERSONA_ID_1, PERSONA_ID_2) VALUES (5, '15/07/1530', 'Normal', 30, 14);
INSERT INTO MATRIMONIO (ID, FECHA, TIPO, PERSONA_ID_1, PERSONA_ID_2) VALUES (6, '26/03/1510', 'Normal', 29, 19);
INSERT INTO MATRIMONIO (ID, FECHA, TIPO, PERSONA_ID_1, PERSONA_ID_2) VALUES (7, '03/04/1515', 'Normal', 24, 20);
INSERT INTO MATRIMONIO (ID, FECHA, TIPO, PERSONA_ID_1, PERSONA_ID_2) VALUES (8, '05/08/1508', 'Normal', 12, 22);

-------------------------------------------------------------------

INSERT INTO "BD11"."TRABAJO" (ID, NOMBREEMPRESA, PERSONA_ID, CIUDAD_ID) VALUES ('1', 'Pesqueras y hermanos', '27', '5')
INSERT INTO "BD11"."TRABAJO" (ID, NOMBREEMPRESA, PERSONA_ID, CIUDAD_ID) VALUES ('2', 'Mira vé SAS', '25', '2')
INSERT INTO "BD11"."TRABAJO" (ID, NOMBREEMPRESA, PERSONA_ID, CIUDAD_ID) VALUES ('3', 'Sal y minería', '13', '11')
INSERT INTO "BD11"."TRABAJO" (ID, NOMBREEMPRESA, PERSONA_ID, CIUDAD_ID) VALUES ('4', 'Castle bay', '12', '3')
INSERT INTO "BD11"."TRABAJO" (ID, NOMBREEMPRESA, PERSONA_ID, CIUDAD_ID) VALUES ('5', 'El churrasco', '10', '5')
INSERT INTO "BD11"."TRABAJO" (ID, NOMBREEMPRESA, PERSONA_ID, CIUDAD_ID) VALUES ('6', 'Viva Colombia', '24', '6')
INSERT INTO "BD11"."TRABAJO" (ID, NOMBREEMPRESA, PERSONA_ID, CIUDAD_ID) VALUES ('7', 'El chonto pa', '20', '5')
INSERT INTO "BD11"."TRABAJO" (ID, NOMBREEMPRESA, PERSONA_ID, CIUDAD_ID) VALUES ('8', 'Extranjeros residentes', '15', '8')
INSERT INTO "BD11"."TRABAJO" (ID, NOMBREEMPRESA, PERSONA_ID, CIUDAD_ID) VALUES ('9', 'Transnopoli SA', '30', '1')
INSERT INTO "BD11"."TRABAJO" (ID, NOMBREEMPRESA, PERSONA_ID, CIUDAD_ID) VALUES ('10', 'Bayer Pharma', '28', '7')

# --------------------------------------------------------------------

INSERT INTO "BD11"."GEOREFERENCIA" (ID, LATITUD, LONGITUD, PERSONA_ID) VALUES ('2', '34,241970', '-76,4798770', '10');
INSERT INTO "BD11"."GEOREFERENCIA" (ID, LATITUD, LONGITUD, PERSONA_ID) VALUES ('3', '34,0475897', '-118,2500820', '11');
INSERT INTO "BD11"."GEOREFERENCIA" (ID, LATITUD, LONGITUD, PERSONA_ID) VALUES ('4', '34,0643805', '-118,3915418', '12');
INSERT INTO "BD11"."GEOREFERENCIA" (ID, LATITUD, LONGITUD, PERSONA_ID) VALUES ('5', '71,274986', '-77,74886885', '13');
INSERT INTO "BD11"."GEOREFERENCIA" (ID, LATITUD, LONGITUD, PERSONA_ID) VALUES ('6', '113,052183', '-72,3488599', '14');
INSERT INTO "BD11"."GEOREFERENCIA" (ID, LATITUD, LONGITUD, PERSONA_ID) VALUES ('7', '78,885282', '-72,4938913', '15');
INSERT INTO "BD11"."GEOREFERENCIA" (ID, LATITUD, LONGITUD, PERSONA_ID) VALUES ('8', '117,708692', '-72,3435714', '16');
INSERT INTO "BD11"."GEOREFERENCIA" (ID, LATITUD, LONGITUD, PERSONA_ID) VALUES ('9', '34,0830170', '-11,840528', '17');
INSERT INTO "BD11"."GEOREFERENCIA" (ID, LATITUD, LONGITUD, PERSONA_ID) VALUES ('10', '47,489437', '-75,3435714', '18');
INSERT INTO "BD11"."GEOREFERENCIA" (ID, LATITUD, LONGITUD, PERSONA_ID) VALUES ('11', '7,130679', '-77,733996', '1');
INSERT INTO "BD11"."GEOREFERENCIA" (ID, LATITUD, LONGITUD, PERSONA_ID) VALUES ('12', '7,131761', '-77,732827', '2');
INSERT INTO "BD11"."GEOREFERENCIA" (ID, LATITUD, LONGITUD, PERSONA_ID) VALUES ('13', '7,131982', '-77,730765', '3');
INSERT INTO "BD11"."GEOREFERENCIA" (ID, LATITUD, LONGITUD, PERSONA_ID) VALUES ('14', '7,129559', '-77,734758', '4');
INSERT INTO "BD11"."GEOREFERENCIA" (ID, LATITUD, LONGITUD, PERSONA_ID) VALUES ('15', '7,132468', '-77,735746', '5');
INSERT INTO "BD11"."GEOREFERENCIA" (ID, LATITUD, LONGITUD, PERSONA_ID) VALUES ('16', '7,133958', '-77,732366', '6');
INSERT INTO "BD11"."GEOREFERENCIA" (ID, LATITUD, LONGITUD, PERSONA_ID) VALUES ('17', '7,135449', '-77,734512', '7');
INSERT INTO "BD11"."GEOREFERENCIA" (ID, LATITUD, LONGITUD, PERSONA_ID) VALUES ('18', '7,133713', '-77,732399', '8');
INSERT INTO "BD11"."GEOREFERENCIA" (ID, LATITUD, LONGITUD, PERSONA_ID) VALUES ('19', '77,135449', '-48,734512', '19');
INSERT INTO "BD11"."GEOREFERENCIA" (ID, LATITUD, LONGITUD, PERSONA_ID) VALUES ('20', '75,133713', '-37,732399', '20');

# ---------------------------------------------------------------------------
